song_name,video_id,title
new song,FZLadzn5i6Q,"Uyi Amma - Azaad | Aaman D, Rasha Thadani| Madhubanti Bagchi,Amit Trivedi,Amitabh| Bosco| Abhishek K"
new song,hGOqqLjgfe4,Yerra Yerrani Rumalu Gatti Dj Full Song | 2025 Latest Folk Song | Naga Durga | Konda Vlogs
jaat song,vmO8sapyPh4,Bair Jaat Ka (Official Video) | CK Nara | Panwar Brothers | New Haryanvi Song 2024
faded,60ItHLz5WEA,Alan Walker - Faded
baby song,020g-0hhCAU,Baby Shark | @CoComelon Nursery Rhymes &amp; Kids Songs
new song,FZLadzn5i6Q,"Uyi Amma - Azaad | Aaman D, Rasha Thadani| Madhubanti Bagchi,Amit Trivedi,Amitabh| Bosco| Abhishek K"
uyi amma,FZLadzn5i6Q,"Uyi Amma - Azaad | Aaman D, Rasha Thadani| Madhubanti Bagchi,Amit Trivedi,Amitabh| Bosco| Abhishek K"
uyi amma,FZLadzn5i6Q,"Uyi Amma - Azaad | Aaman D, Rasha Thadani| Madhubanti Bagchi,Amit Trivedi,Amitabh| Bosco| Abhishek K"
uyi amma,FZLadzn5i6Q,"Uyi Amma - Azaad | Aaman D, Rasha Thadani| Madhubanti Bagchi,Amit Trivedi,Amitabh| Bosco| Abhishek K"
uyi amma,FZLadzn5i6Q,"Uyi Amma - Azaad | Aaman D, Rasha Thadani| Madhubanti Bagchi,Amit Trivedi,Amitabh| Bosco| Abhishek K"
jaat song,vmO8sapyPh4,Bair Jaat Ka (Official Video) | CK Nara | Panwar Brothers | New Haryanvi Song 2024
new music,NW6Dgax2d6I,Sahiba (Music Video) Jasleen Royal |Vijay Deverakonda Radhikka Madan|Stebin| Priya|Aditya| Sudhanshu
new music,NW6Dgax2d6I,Sahiba (Music Video) Jasleen Royal |Vijay Deverakonda Radhikka Madan|Stebin| Priya|Aditya| Sudhanshu
new music,NW6Dgax2d6I,Sahiba (Music Video) Jasleen Royal |Vijay Deverakonda Radhikka Madan|Stebin| Priya|Aditya| Sudhanshu
new name,0vQV2ZAiHWo,Latest Baby Boy Names List 2024 | Unique Baby Boy Names #shorts #ytshorts #hindubabynames
new song,FZLadzn5i6Q,"Uyi Amma - Azaad | Aaman D, Rasha Thadani| Madhubanti Bagchi,Amit Trivedi,Amitabh| Bosco| Abhishek K"
new song,FZLadzn5i6Q,"Uyi Amma - Azaad | Aaman D, Rasha Thadani| Madhubanti Bagchi,Amit Trivedi,Amitabh| Bosco| Abhishek K"
new song,hGOqqLjgfe4,Yerra Yerrani Rumalu Gatti Dj Full Song | 2025 Latest Folk Song | Naga Durga | Konda Vlogs
baby song,0X48YRkL-5c,Baby Baby - Promo Video | Painkili | Sajin Gopu | Anaswara Rajan | Sreejith Babu | Justin Varghese
baby ,kffacxfA7G4,Justin Bieber - Baby ft. Ludacris
baby ,kffacxfA7G4,Justin Bieber - Baby ft. Ludacris
baby ,kffacxfA7G4,Justin Bieber - Baby ft. Ludacris
Pushpa song ,MhIulWFPcpg,Pushpa Pushpa (Film Version) Hindi | Allu Arjun | Pushpa 2 the Rule | Rashmika | Sukumar | Fahaad F
baby song,ZesVTSG-z_4,Name the Color | Nursery Rhymes &amp; Kids Songs | NuNu Tv  #childrensongs #toddlersongs #babysongs
new song,FZLadzn5i6Q,"Uyi Amma - Azaad | Aaman D, Rasha Thadani| Madhubanti Bagchi,Amit Trivedi,Amitabh| Bosco| Abhishek K"
new song,hGOqqLjgfe4,Yerra Yerrani Rumalu Gatti Dj Full Song | 2025 Latest Folk Song | Naga Durga | Konda Vlogs
new song,FZLadzn5i6Q,"Uyi Amma - Azaad | Aaman D, Rasha Thadani| Madhubanti Bagchi,Amit Trivedi,Amitabh| Bosco| Abhishek K"
new song,FZLadzn5i6Q,"Uyi Amma - Azaad | Aaman D, Rasha Thadani| Madhubanti Bagchi,Amit Trivedi,Amitabh| Bosco| Abhishek K"
new song,FZLadzn5i6Q,"Uyi Amma - Azaad | Aaman D, Rasha Thadani| Madhubanti Bagchi,Amit Trivedi,Amitabh| Bosco| Abhishek K"
new song,5m9sYqJNoWk,"Premalo - Lyrical | Court | Priyadarshi, Harsh Roshan, Sridevi | Vijai Bulganin | Ram Jagadeesh"
new song,FZLadzn5i6Q,"Uyi Amma - Azaad | Aaman D, Rasha Thadani| Madhubanti Bagchi,Amit Trivedi,Amitabh| Bosco| Abhishek K"
new song,FZLadzn5i6Q,"Uyi Amma - Azaad | Aaman D, Rasha Thadani| Madhubanti Bagchi,Amit Trivedi,Amitabh| Bosco| Abhishek K"
new videos,2ZNVRyWoZM4,Tag your badi behen ü•π‚ù§Ô∏è #shorts #ytshorts #sejalgabashorts #viralshort
new videos,2ZNVRyWoZM4,Tag your badi behen ü•π‚ù§Ô∏è #shorts #ytshorts #sejalgabashorts #viralshort
new videos,2ZNVRyWoZM4,Tag your badi behen ü•π‚ù§Ô∏è #shorts #ytshorts #sejalgabashorts #viralshort
new song,FZLadzn5i6Q,"Uyi Amma - Azaad | Aaman D, Rasha Thadani| Madhubanti Bagchi,Amit Trivedi,Amitabh| Bosco| Abhishek K"
new song,8DtDH3JWr0s,‡§®‡•â‡§®‡§∏‡•ç‡§ü‡•â‡§™ ‡§ï‡§°‡§ï ‡§µ‡§æ‡§ú‡§£‡§æ‡§∞‡•Ä ‡§°‡•Ä‡§ú‡•á ‡§ó‡§æ‡§£‡•Ä 2024 Marathi DJ song | DJ Remix | New Marathi Hindi DJ Songs
new song,9qQCq7STMPk,Live :-‚ù§Ô∏èSadabahar Hindi Songs Collection 90s | Old Hindi Love Songs | Bollywood 90&#39;s Songs
new,DtzyAI1WQiA,"BERETTA (Official Video) Amanraj Gill, Jaya Rohilla ft. Shivani Yadav | New Haryanvi Song 2025"
new song,C7d-BjJfqCA,"Most Romantic Song‚ù§Ô∏è Hindi Love Songs 2025, Latest Songs 2025 | Bollywood New Song Indian Playlist‚ù§Ô∏è"
new song,C7d-BjJfqCA,"Most Romantic Song‚ù§Ô∏è Hindi Love Songs 2025, Latest Songs 2025 | Bollywood New Song Indian Playlist‚ù§Ô∏è"
jaat song,vmO8sapyPh4,Bair Jaat Ka (Official Video) | CK Nara | Panwar Brothers | New Haryanvi Song 2024
jaat song,vmO8sapyPh4,Bair Jaat Ka (Official Video) | CK Nara | Panwar Brothers | New Haryanvi Song 2024
baby song,020g-0hhCAU,Baby Shark | @CoComelon Nursery Rhymes &amp; Kids Songs
jaat song,vmO8sapyPh4,Bair Jaat Ka (Official Video) | CK Nara | Panwar Brothers | New Haryanvi Song 2024
